scenario_id,crashed,min_distance,fitness,total_evaluations,total_time_seconds,iterations,lanes_count,vehicles_count,initial_spacing,ego_spacing,initial_lane_id,duration,simulation_frequency,policy_frequency
0,True,0.0,-1.0,15,17.15962290763855,1,9,40,1.7140402119374163,1.1229205718085842,0,30,25,5
1,True,0.0,-1.0,15,19.549296140670776,1,6,33,4.777086633466709,1.432478838158901,4,30,25,5
2,True,0.0,-1.0,6,11.096967935562134,0,9,19,1.843210145363555,3.4426772217828407,4,30,25,5
3,True,0.0,-1.0,2,210.78869676589966,0,9,9,1.5656472796824485,3.403823395619191,7,30,25,5
4,True,0.0,-1.0,4,15.963672161102295,0,8,57,2.8009739876646274,3.9287311171231125,7,30,25,5
5,True,0.0,-1.0,28,30.41670799255371,2,8,50,4.135733553814222,2.545976683126426,5,30,25,5
6,False,4.000117241095423,4.000117241095423,101,53.61821889877319,10,6,35,2.044718914160023,2.1072017193861345,3,30,25,5
7,True,0.0,-1.0,3,16.7762348651886,0,10,40,4.537462104363089,3.3270570707355804,8,30,25,5
8,True,0.0,-1.0,40,15.177563905715942,3,8,23,4.942745795020665,1.95613251545655,5,30,25,5
9,True,0.0,-1.0,69,57.19391393661499,6,6,53,1.7906774408939992,2.8094444501546856,4,30,25,5
10,True,0.0,-1.0,10,17.312242031097412,0,9,58,1.434568145356161,3.4853346558235923,4,30,25,5
11,False,3.999987224685641,3.999987224685641,101,23.247147798538208,10,4,12,2.7467503809805174,2.8044950728700724,2,30,25,5
12,True,0.0,-1.0,15,13.857068061828613,1,7,19,4.7603882428674105,1.567961153619284,1,30,25,5
13,True,0.0,-1.0,13,26.83482599258423,1,10,53,4.348861317194266,3.4330701963530266,9,30,25,5
14,True,0.0,-1.0,9,17.185180187225342,0,4,51,2.1242600007541546,3.1082179167461645,1,30,25,5
15,True,0.0,-1.0,5,18.36972188949585,0,10,43,4.171177001012259,2.03322027337857,2,30,25,5
16,True,0.0,-1.0,11,15.804012060165405,0,7,36,2.4383486547058353,1.2822214763845736,3,30,25,5
17,True,0.0,-1.0,3,20.046619176864624,0,8,52,1.2243789102609814,2.6732336420970766,6,30,25,5
18,True,0.0,-1.0,11,13.099091053009033,0,10,27,3.7283660567969727,1.84246998410801,3,30,25,5
19,False,4.000663760880235,4.000663760880235,101,38.452022075653076,10,7,28,4.666412051675167,1.8216099636948462,6,30,25,5
20,True,0.0,-1.0,25,14.098520040512085,2,10,20,2.5751601941132396,1.3651590777293257,2,30,25,5
21,False,4.000452038966591,4.000452038966591,101,67.50516605377197,10,5,48,3.226311633069356,3.1294035712252755,1,30,25,5
22,True,0.0,-1.0,29,16.867793083190918,2,9,25,1.396829207187873,1.2656751197838367,2,30,25,5
23,True,0.0,-1.0,27,28.492252826690674,2,3,43,3.3865619939520375,1.3859326729529087,1,30,25,5
24,True,0.0,-1.0,66,26.967667818069458,6,6,23,2.323297920376147,2.724213457981576,0,30,25,5
25,True,0.0,-1.0,26,13.901428937911987,2,7,14,0.5014041582695163,1.6497953933884508,3,30,25,5
26,True,0.0,-1.0,23,17.871206998825073,2,9,32,1.5547978577656243,1.2028232745769785,3,30,25,5
27,True,0.0,-1.0,86,69.3649971485138,8,3,44,1.9121642250009423,1.363591296584882,1,30,25,5
28,True,0.0,-1.0,8,19.18471384048462,0,8,52,4.482018293345885,3.297125579672697,6,30,25,5
29,True,0.0,-1.0,1,6.216965913772583,0,10,7,2.778450343571522,2.5577020888891346,6,30,25,5
30,False,3.999818280161653,3.999818280161653,101,20.74845266342163,10,3,18,2.4309814939961503,1.2768190496598764,1,30,25,5
31,True,0.0,-1.0,36,38.25096917152405,3,7,55,0.804552180627349,3.0181924423010926,0,30,25,5
32,True,0.0,-1.0,7,7.664247751235962,0,10,13,3.0750327296243776,2.13140666188441,2,30,25,5
33,True,0.0,-1.0,39,25.674545764923096,3,10,29,3.058210363660504,3.724311324882459,2,30,25,5
34,False,3.998550027013834,3.998550027013834,101,15.436365127563477,10,3,5,4.424796114217441,1.7282271628132428,0,30,25,5
35,False,3.988202395822198,3.988202395822198,101,17.41700029373169,10,3,23,2.563230002465088,3.805020552549438,0,30,25,5
36,True,0.0,-1.0,89,25.682698011398315,8,6,15,2.2920654233105076,3.681497210709634,5,30,25,5
37,False,4.000000368985686,4.000000368985686,101,61.95200300216675,10,4,44,3.4775092436111334,1.2069797086960674,3,30,25,5
38,True,0.0,-1.0,26,21.770514965057373,2,4,32,1.623811365792849,3.1611434992333023,1,30,25,5
39,True,0.0,-1.0,10,15.481080770492554,0,10,33,2.9270093279291984,1.4076226058658654,3,30,25,5
40,True,0.0,-1.0,10,21.157443046569824,0,7,45,3.6203673056084615,3.825763051703748,0,30,25,5
41,True,0.0,-1.0,34,42.655153036117554,3,8,58,3.955694407860197,1.3779122403646062,2,30,25,5
42,False,3.9928905905862355,3.9928905905862355,101,64.80732274055481,10,3,48,2.4749529788842355,3.5757937597341476,0,30,25,5
43,True,0.0,-1.0,17,22.505857706069946,1,7,41,0.6969889563754847,1.0600887606226506,1,30,25,5
44,True,0.0,-1.0,6,8.61994481086731,0,8,11,1.6615088364774786,2.2173121834633935,0,30,25,5
45,True,0.0,-1.0,8,12.277912139892578,0,10,37,2.8782101532659126,3.290950719405778,7,30,25,5
46,True,0.0,-1.0,9,20.680303812026978,0,7,55,0.8475205694528444,1.8177092677559132,1,30,25,5
47,True,0.0,-1.0,94,66.21966314315796,9,3,46,3.8915096770382354,2.3955416146884505,0,30,25,5
48,True,0.0,-1.0,93,40.44501829147339,9,4,26,3.18098070513203,2.54140163516203,0,30,25,5
49,False,4.000017227456412,4.000017227456412,101,39.30205702781677,10,3,25,3.1694776707637953,2.175850635892561,1,30,25,5
50,True,0.0,-1.0,10,17.104393243789673,0,9,49,4.251512005626121,2.643713380552675,2,30,25,5
51,True,0.0,-1.0,74,63.78596782684326,7,6,57,1.8821226235493307,1.7647199032430736,1,30,25,5
52,True,0.0,-1.0,46,31.47101402282715,4,10,39,3.0840183303588136,2.5586307375697857,7,30,25,5
53,True,0.0,-1.0,44,14.363828897476196,4,9,5,3.735097941954654,1.9933815734529856,4,30,25,5
54,True,0.0,-1.0,27,14.174527883529663,2,5,17,2.8336098689732916,1.238961915839229,4,30,25,5
55,True,0.0,-1.0,6,19.075223207473755,0,10,51,4.417905252723536,1.6550856965278689,7,30,25,5
56,True,0.0,-1.0,44,37.27465581893921,4,5,45,0.5760626651538943,3.942403203307827,3,30,25,5
57,False,3.9977305956635227,3.9977305956635227,101,56.47309327125549,10,3,43,2.607403856979058,3.523701009255635,2,30,25,5
58,True,0.0,-1.0,5,9.940409183502197,0,7,22,4.459251241538469,1.7292743564716355,4,30,25,5
59,True,0.0,-1.0,14,20.07114601135254,1,9,37,4.217297756894759,1.3508313407417498,7,30,25,5
60,False,3.9994021026795252,3.9994021026795252,101,29.72666597366333,10,4,23,0.6221587635275205,1.16416266232667,3,30,25,5
61,True,0.0,-1.0,8,8.58965802192688,0,6,25,3.9737102818651993,3.0134293105016945,4,30,25,5
62,True,0.0,-1.0,25,20.34407091140747,2,6,39,3.864979868068306,3.342092153013917,1,30,25,5
63,False,4.000128739783832,4.000128739783832,101,232.98367834091187,10,6,36,4.965164909868307,1.5900621290297097,3,30,25,5
64,True,0.0,-1.0,29,32.112099170684814,2,7,57,2.8550283311333424,1.197132812287132,0,30,25,5
65,False,4.000019656574652,4.000019656574652,101,16.296432733535767,10,4,7,2.8319997989281402,2.1245756901138826,3,30,25,5
66,True,0.0,-1.0,21,31.14789915084839,1,10,56,3.6176815900594703,1.2188043286878474,7,30,25,5
67,True,0.0,-1.0,8,11.715713024139404,0,9,28,1.0712223599003408,2.541955107435108,5,30,25,5
68,True,0.0,-1.0,62,36.44897723197937,6,6,32,4.317468235488886,3.020566815955711,5,30,25,5
69,False,3.9995429368896125,3.9995429368896125,101,49.54253435134888,10,3,37,2.8708341611875055,3.5948849763608988,1,30,25,5
70,True,0.0,-1.0,13,18.251011848449707,1,8,26,3.75712632910402,1.966567978737936,0,30,25,5
71,True,0.0,-1.0,29,15.27134895324707,2,10,19,2.873924760408916,3.282959676251312,3,30,25,5
72,True,0.0,-1.0,31,32.83684301376343,2,10,51,0.5300380520528418,1.6943447667091487,0,30,25,5
73,True,0.0,-1.0,54,30.509227991104126,5,9,32,1.865153920376436,1.8057033436113876,8,30,25,5
74,False,3.9855947363104156,3.9855947363104156,101,76.61678791046143,10,4,55,2.843244275818639,3.0292124183898936,3,30,25,5
75,True,0.0,-1.0,4,209.3427882194519,0,8,16,1.189080710734787,2.9927513575723808,2,30,25,5
76,True,0.0,-1.0,27,28.076921939849854,2,7,50,4.934854877791664,3.047199224404632,6,30,25,5
77,False,4.000000072507072,4.000000072507072,101,65.70554804801941,10,3,49,2.9802738011014185,1.7316645908603148,2,30,25,5
78,True,0.0,-1.0,14,19.24402618408203,1,8,28,4.618108867052761,2.5543495608171773,1,30,25,5
79,True,0.0,-1.0,62,57.51045203208923,6,3,56,0.822301730629315,3.7692440620065657,0,30,25,5
80,True,0.0,-1.0,1,2.836101770401001,0,10,46,0.5828845857188196,1.10990112812964,4,30,25,5
81,True,0.0,-1.0,18,20.385076999664307,1,3,29,1.4523274533403832,3.7361119575679265,1,30,25,5
82,True,0.0,-1.0,11,19.51297688484192,0,8,60,4.3465457701692385,1.6530591980078184,7,30,25,5
83,True,0.0,-1.0,6,10.711792230606079,0,8,22,0.7007218685431033,2.887279689523531,3,30,25,5
84,False,3.999458197030395,3.999458197030395,101,75.71952176094055,10,8,45,4.550916482293257,3.2478668632959327,4,30,25,5
85,True,0.0,-1.0,14,9.39163088798523,1,8,7,2.6229604797405384,2.388716466381887,5,30,25,5
86,True,0.0,-1.0,3,18.668864011764526,0,10,39,1.2890940958935644,2.8467541088883785,1,30,25,5
87,True,0.0,-1.0,2,12.355937004089355,0,7,36,4.0259268944115645,1.5171759793999813,5,30,25,5
88,True,0.0,-1.0,1,3.082606077194214,0,7,16,3.6643439956766493,3.065528498743009,6,30,25,5
89,True,0.0,-1.0,31,223.517639875412,2,9,37,3.964724778460935,3.1933576373931034,1,30,25,5
90,True,0.0,-1.0,15,15.979315996170044,1,8,25,3.5685369839039573,2.5555801542220804,2,30,25,5
91,True,0.0,-1.0,1,7.483683824539185,0,8,20,4.596129379724313,3.457944756214527,6,30,25,5
92,True,0.0,-1.0,14,21.08067488670349,1,6,38,0.8413333688676348,2.0509623332114475,2,30,25,5
93,True,0.0,-1.0,80,73.36363005638123,7,10,60,2.9443016503504347,2.378070485966571,2,30,25,5
94,False,3.9977734290976388,3.9977734290976388,101,22.930305004119873,10,3,18,4.049118701573619,3.1661336526708417,1,30,25,5
95,True,0.0,-1.0,7,11.370367050170898,0,6,35,4.609883599509351,1.6784816413323114,2,30,25,5
96,True,0.0,-1.0,5,14.003224849700928,0,9,45,3.8025032146044726,2.644888207225844,8,30,25,5
97,False,3.9998629280254394,3.9998629280254394,101,60.03514289855957,10,4,42,2.445400599488887,2.5584459446154884,2,30,25,5
98,True,0.0,-1.0,39,42.941502809524536,3,5,57,4.330989127701632,1.2165985078418118,0,30,25,5
99,True,0.0,-1.0,10,12.545922994613647,0,10,33,3.0429123430301974,2.5357478790761556,9,30,25,5
