scenario_id,crashed,min_distance,fitness,total_evaluations,total_time_seconds,crashes_found_count,lanes_count,vehicles_count,initial_spacing,ego_spacing,initial_lane_id,duration,simulation_frequency,policy_frequency
0,False,4.000560974364367,4.000560974364367,15,10.108447790145874,0,3,21,2.5407405026629317,1.4021250917414942,1,30,25,5
1,False,4.025366803928533,4.025366803928533,3,3.698881149291992,0,3,23,3.778522370653076,1.5637032200998102,1,30,25,5
2,False,11.924143653009718,11.924143653009718,2,2.6628212928771973,0,7,7,2.4490712310641323,2.437153894422502,0,30,25,5
3,True,0.0,-1.0,11,10.060632228851318,2,10,8,2.4372332497823592,3.3668401526329883,4,30,25,5
4,False,4.00000343134401,4.00000343134401,28,136.23547983169556,0,3,7,2.4650017347904374,1.6097585083436945,1,30,25,5
5,True,0.0,-1.0,101,41.74726581573486,9,7,51,4.033449316968671,1.1442504610076396,1,30,25,5
6,False,3.999992673857546,3.999992673857546,3,6.823673248291016,0,4,8,4.430990504283178,1.0157959136967243,1,30,25,5
7,False,3.9899043192677737,3.9899043192677737,40,17.86637783050537,0,3,29,2.276008615843713,2.1799321302589725,0,30,25,5
8,True,0.0,-1.0,84,36.943394899368286,6,10,53,3.686931113464276,2.663490631790526,9,30,25,5
9,True,0.0,-1.0,48,21.217365980148315,1,9,9,3.090922465750311,3.259905594125431,3,30,25,5
10,True,0.0,-1.0,101,238.85678791999817,1,5,40,4.558098470424746,3.2665702100111673,0,30,25,5
11,True,0.0,-1.0,29,14.882429838180542,2,10,17,1.3455059485304206,3.0115314221635003,2,30,25,5
12,True,0.0,-1.0,13,9.629791021347046,2,10,53,4.348861317194266,3.4330701963530266,9,30,25,5
13,True,0.0,-1.0,101,46.77959203720093,3,9,10,3.011041318160624,2.7048435836819165,5,30,25,5
14,False,4.000305243266755,4.000305243266755,5,6.2823240756988525,0,3,29,1.1581044202561888,3.1563141306264137,1,30,25,5
15,False,4.005277244181384,4.005277244181384,11,9.879955053329468,0,4,50,1.1975011468955001,3.0748592679497997,2,30,25,5
16,True,0.0,-1.0,12,8.419568061828613,1,10,17,2.305247245249737,1.6094846693854923,8,30,25,5
17,False,4.104425528630106,4.104425528630106,11,9.582009077072144,0,3,58,3.037670354155784,2.9329628864537396,2,30,25,5
18,True,0.0,-1.0,101,48.81563210487366,9,5,35,1.9024943802071923,3.749049188167449,0,30,25,5
19,False,4.000175747809825,4.000175747809825,25,14.236464023590088,0,5,39,2.9797162832874,1.402185617434717,2,30,25,5
20,True,0.0,-1.0,77,26.297253847122192,5,6,26,1.413459350759347,1.5092566903637845,2,30,25,5
21,True,0.0,-1.0,34,17.628299713134766,2,8,56,4.317437317207959,2.5734671894403505,3,30,25,5
22,True,0.0,-1.0,101,41.44474124908447,3,10,20,4.021298450667419,1.4990839041153277,3,30,25,5
23,False,4.000038171726522,4.000038171726522,60,29.404052019119263,0,6,11,0.6414948525194635,1.5369490881901122,4,30,25,5
24,False,4.000097530134803,4.000097530134803,13,8.555731773376465,0,4,21,2.31502138687562,1.5649605585676092,1,30,25,5
25,True,0.0,-1.0,40,20.36904811859131,2,7,54,3.7084867873581073,1.5735018013307682,5,30,25,5
26,True,0.0,-1.0,101,38.886884927749634,3,10,21,2.546996705996476,1.1582673362779068,0,30,25,5
27,True,0.0,-1.0,27,17.14546799659729,1,6,31,4.702827427508877,2.577411323995151,1,30,25,5
28,True,0.0,-1.0,1,2.2881078720092773,1,10,7,2.778450343571522,2.5577020888891346,6,30,25,5
29,True,0.0,-1.0,95,38.86085104942322,3,10,40,2.468228899790424,3.829625694641612,5,30,25,5
30,True,0.0,-1.0,26,134.21762800216675,1,8,28,0.6874478390686501,3.857153545802851,1,30,25,5
31,False,4.011988640932422,4.011988640932422,7,7.9732420444488525,0,4,45,1.5493225580276384,2.823352638562686,0,30,25,5
32,True,0.0,-1.0,30,12.815468072891235,1,9,35,1.409380060201604,2.548315855911661,3,30,25,5
33,False,4.000017642500288,4.000017642500288,101,34.663214921951294,0,5,43,0.989627806755089,3.0553858462175687,2,30,25,5
34,True,0.0,-1.0,101,45.81581997871399,3,9,16,3.2216428686870087,2.68729139194644,8,30,25,5
35,True,0.0,-1.0,89,39.36799097061157,3,8,57,3.5627333030087733,3.698402421988907,3,30,25,5
36,True,0.0,-1.0,101,41.748610734939575,1,10,52,4.51738654266016,1.636814608951226,9,30,25,5
37,True,0.0,-1.0,80,30.240943908691406,3,10,42,1.820613045556089,3.2245886212072303,0,30,25,5
38,True,0.0,-1.0,35,15.08179497718811,2,6,28,2.5846997698886325,3.801294721122601,5,30,25,5
39,True,0.0,-1.0,14,11.079356908798218,1,8,8,3.2855848623303854,2.495659192964566,1,30,25,5
40,True,0.0,-1.0,69,28.793528079986572,3,8,53,4.330064318738592,2.374737550759354,1,30,25,5
41,False,3.9935233091712834,3.9935233091712834,60,27.804232835769653,0,5,11,3.5250804186791527,1.843701351517025,1,30,25,5
42,True,0.0,-1.0,47,22.308189153671265,3,10,26,1.753848614835246,1.835602893338127,8,30,25,5
43,True,0.0,-1.0,6,6.577746868133545,1,10,25,4.728388153902775,3.7802460782606806,4,30,25,5
44,True,0.0,-1.0,8,8.767465353012085,1,10,37,2.8782101532659126,3.290950719405778,7,30,25,5
45,True,0.0,-1.0,13,8.647211074829102,2,8,39,2.755132638515972,3.042835998714383,3,30,25,5
46,True,0.0,-1.0,101,44.373008012771606,2,9,53,2.8799810630705567,3.907461684026601,8,30,25,5
47,True,0.0,-1.0,93,35.95774006843567,1,10,35,4.092559381634014,2.7359254154232424,3,30,25,5
48,True,0.0,-1.0,101,42.268821001052856,3,10,8,2.1751208531599318,3.155977866678726,6,30,25,5
49,False,4.000301664510126,4.000301664510126,10,8.692413806915283,0,10,11,4.930580309205773,2.7368186017656475,4,30,25,5
